Video Title,Candidate,Ideology,Incumbent?,Media Type,Source,Theme,Function,Length (s),Funding Source,
Courage,Klobuchar,1,0,0,1,1,0,30,Klobuchar for Minnesota,
Never Quits,Klobuchar,1,0,0,1,0,0,30,Klobuchar for Minnesota,
Burn,Klobuchar,1,0,0,1,0,0,30,Klobuchar for Minnesota,
Build a Future,Klobuchar,1,0,0,1,0,0,30,Klobuchar for Minnesota,
Our Senator,Klobuchar,1,0,0,1,0,0,30,Klobuchar for Minnesota,
Amy Klobuchar is Working for Minnesota,Klobuchar,1,0,1,1,0,0,192,Klobuchar for Minnesota,
Figured Out,Klobuchar,1,0,0,1,0,0,30,Klobuchar for Minnesota,
Abigail,Klobuchar,1,0,0,1,1,0,30,Klobuchar for Minnesota,
Invent,Klobuchar,1,0,0,1,0,0,30,Klobuchar for Minnesota,
People,Klobuchar,1,0,0,1,0,0,30,Klobuchar for Minnesota,
Saved,Klobuchar,1,0,0,1,0,0,30,Klobuchar for Minnesota,
Outrageous,Klobuchar,1,0,0,1,0,0,30,Klobuchar for Minnesota,
There's Only One Answer,Klobuchar,1,0,0,2,0,0,30,Klobuchar for Minnesota,
N/A,Klobuchar,1,0,0,2,0,0,30,Klobuchar for Minnesota,
100 Days Until November's Election,Klobuchar,1,0,1,2,0,0,64,Klobuchar for Minnesota,
Caucus for Amy,Klobuchar,1,0,1,2,0,0,206,Klobuchar for Minnesota,
Jobs Not Mobs!,Newberger,0,1,1,3,1,1,60,Jim Newberger for United States Senate,
Stand Up for Minnesota,Newberger,0,1,1,3,0,1,15,Jim Newberger for United States Senate,
N/A,Newberger,0,1,0,3,0,1,30,Jim Newberger for United States Senate,
N/A,Newberger,0,1,1,3,0,1,12,Jim Newberger for United States Senate,
"Promises Made, Promises Kept",Newberger,0,1,1,3,0,1,14,Jim Newberger for United States Senate,
N/A,Newberger,0,1,1,2,0,1,99,Jim Newberger for United States Senate,
N/A,Manchin,1,0,1,3,0,0,15,"Manchin for West Virginia, Jack Rossi, Treasurer",
N/A,Manchin,1,0,1,3,1,1,15,"Manchin for West Virginia, Jack Rossi, Treasurer",
N/A,Manchin,1,0,1,3,1,0,15,"Manchin for West Virginia, Jack Rossi, Treasurer",
N/A,Manchin,1,0,0,3,0,1,15,"Manchin for West Virginia, Jack Rossi, Treasurer",
Coaches,Manchin,1,0,1,3,1,0,30,"Manchin for West Virginia, Jack Rossi, Treasurer",
N/A,Manchin,1,0,1,3,0,0,6,"Manchin for West Virginia, Jack Rossi, Treasurer",
N/A,Manchin,1,0,0,3,0,1,30,"Manchin for West Virginia, Jack Rossi, Treasurer",
N/A,Manchin,1,0,0,3,0,0,30,"Manchin for West Virginia, Jack Rossi, Treasurer",
Miners Back Manchin,Manchin,1,0,1,3,1,0,30,"Manchin for West Virginia, Jack Rossi, Treasurer",
N/A,Manchin,1,0,0,3,1,1,15,"Manchin for West Virginia, Jack Rossi, Treasurer",
Ronda,Manchin,1,0,0,3,1,1,30,"Manchin for West Virginia, Jack Rossi, Treasurer",
N/A,Manchin,1,0,0,3,1,0,15,"Manchin for West Virginia, Jack Rossi, Treasurer",
N/A,Manchin,1,0,1,3,1,0,15,"Manchin for West Virginia, Jack Rossi, Treasurer",
N/A,Manchin,1,0,1,3,1,0,30,"Manchin for West Virginia, Jack Rossi, Treasurer",
#IKnowJoe: Coal Miners Thank Senator Manchin,Manchin,1,0,1,3,0,0,113,"Manchin for West Virginia, Jack Rossi, Treasurer",
N/A,Manchin,1,0,0,3,1,1,30,"Manchin for West Virginia, Jack Rossi, Treasurer",
Tell Pat Morrisey to Stop Attacking People with Pre-Existing Conditions,Manchin,1,0,1,3,0,1,15,"Manchin for West Virginia, Jack Rossi, Treasurer",
N/A,Manchin,1,0,0,3,0,1,15,"Manchin for West Virginia, Jack Rossi, Treasurer",
N/A,Manchin,1,0,1,3,0,3,27,"Manchin for West Virginia, Jack Rossi, Treasurer",
Educators,Manchin,1,0,1,3,0,0,83,"Manchin for West Virginia, Jack Rossi, Treasurer",
Fighting For,Manchin,1,0,0,3,0,0,30,"Manchin for West Virginia, Jack Rossi, Treasurer",
Himself,Manchin,1,0,0,3,0,1,30,"Manchin for West Virginia, Jack Rossi, Treasurer",
Disappeared,Manchin,1,0,0,3,0,0,60,"Manchin for West Virginia, Jack Rossi, Treasurer",
Joe Fights for WV Jobs,Manchin,1,0,1,3,0,0,15,"Manchin for West Virginia, Jack Rossi, Treasurer",
Joe Supports WV Tourism,Manchin,1,0,1,3,0,0,15,"Manchin for West Virginia, Jack Rossi, Treasurer",
Pat Morrisey is Selling Out Working WV Families,Manchin,1,0,1,3,0,1,15,"Manchin for West Virginia, Jack Rossi, Treasurer",
#IKnowJoe: Veterans Know Joe Has Their Backs,Manchin,1,0,1,3,0,0,125,"Manchin for West Virginia, Jack Rossi, Treasurer",
Freedom,Manchin,1,0,0,1,0,0,60,"Manchin for West Virginia, Jack Rossi, Treasurer",
Oath,Manchin,1,0,0,1,0,0,30,"Manchin for West Virginia, Jack Rossi, Treasurer",
Dead Wrong,Manchin,1,0,0,1,0,0,30,"Manchin for West Virginia, Jack Rossi, Treasurer",
Natalie,Manchin,1,0,0,1,0,1,30,"Manchin for West Virginia, Jack Rossi, Treasurer",
#IKnowJoe: Business Leaders Back Joe,Manchin,1,0,1,1,0,0,74,"Manchin for West Virginia, Jack Rossi, Treasurer",
Never Change,Manchin,1,0,0,1,1,0,30,"Manchin for West Virginia, Jack Rossi, Treasurer",
#IKnowJoe: West Virginians Know joe Fixed Workers' Comp,Manchin,1,0,1,1,0,0,96,"Manchin for West Virginia, Jack Rossi, Treasurer",
#IKnowJoe: Veterans Know Joe,Manchin,1,0,1,1,1,0,81,"Manchin for West Virginia, Jack Rossi, Treasurer",
Hunting Traditions,Manchin,1,0,1,1,1,0,41,"Manchin for West Virginia, Jack Rossi, Treasurer",
Haircut,Manchin,1,0,0,1,0,0,30,"Manchin for West Virginia, Jack Rossi, Treasurer",
Fighting For West Virginia,Manchin,1,0,0,1,1,0,30,"Manchin for West Virginia, Jack Rossi, Treasurer",
Dead Aim,Manchin,1,0,0,1,0,0,30,"Manchin for West Virginia, Jack Rossi, Treasurer",
Shame,Morrisey,0,1,0,1,1,1,30,"Morrisey for Senate, Inc.",
Amen Brothers,Morrisey,0,1,0,1,1,1,30,"Morrisey for Senate, Inc.",
Working Class,Morrisey,0,1,0,1,1,0,30,"Morrisey for Senate, Inc.",
Vote for Me,Morrisey,0,1,0,1,0,1,30,"Morrisey for Senate, Inc.",
Impeach,Morrisey,0,1,0,1,1,1,30,"Morrisey for Senate, Inc.",
Abandoned,Morrisey,0,1,0,1,1,0,30,"Morrisey for Senate, Inc.",
West Virginia Conservative,Morrisey,0,1,0,1,0,0,30,"Morrisey for Senate, Inc.",
Mountain,Morrisey,0,1,0,1,0,0,30,"Morrisey for Senate, Inc.",
Fighter,Morrisey,0,1,0,1,0,0,20,"Morrisey for Senate, Inc.",
Joe Biden is on Team Sinema,Sinema,1,1,1,1,1,0,40,Sinema for Arizona,
Everyday People,Sinema,1,1,0,1,0,0,30,Sinema for Arizona,
Paul,Sinema,1,1,0,1,1,0,30,Sinema for Arizona,
Work Together,Sinema,1,1,1,1,1,0,44,Sinema for Arizona,
N/A,Sinema,1,1,1,3,0,0,15,Sinema for Arizona,
N/A,Sinema,1,1,1,3,0,1,15,Sinema for Arizona,
N/A,Sinema,1,1,1,3,1,1,6,Sinema for Arizona,
N/A,Sinema,1,1,1,3,0,0,6,Sinema for Arizona,
N/A,Sinema,1,1,1,3,1,0,15,Sinema for Arizona,
N/A,Sinema,1,1,1,3,1,0,15,Sinema for Arizona,
N/A,Sinema,1,1,1,3,1,1,15,Sinema for Arizona,
N/A,Sinema,1,1,1,3,0,0,15,Sinema for Arizona,
N/A,Sinema,1,1,1,3,0,0,6,Sinema for Arizona,
N/A,Sinema,1,1,1,3,1,1,30,Sinema for Arizona,
N/A,Sinema,1,1,1,3,1,1,15,Sinema for Arizona,
N/A,Sinema,1,1,1,3,0,1,63,Sinema for Arizona,
Vote Early,Sinema,1,1,1,3,1,0,39,Sinema for Arizona,
N/A,Sinema,1,1,1,3,1,1,15,Sinema for Arizona,
N/A,Sinema,1,1,1,3,1,0,15,Sinema for Arizona,
N/A,Sinema,1,1,1,3,1,0,15,Sinema for Arizona,
N/A,Sinema,1,1,1,3,0,0,15,Sinema for Arizona,
N/A,Sinema,1,1,1,3,1,1,6,Sinema for Arizona,
N/A,Sinema,1,1,1,3,1,0,6,Sinema for Arizona,
N/A,Sinema,1,1,1,3,1,1,15,Sinema for Arizona,
N/A,Sinema,1,1,1,3,0,0,30,Sinema for Arizona,
N/A,Sinema,1,1,1,3,0,1,30,Sinema for Arizona,
N/A,Sinema,1,1,1,3,1,0,30,Sinema for Arizona,
N/A,Sinema,1,1,1,3,0,0,10,Sinema for Arizona,
N/A,Sinema,1,1,1,3,0,0,30,Sinema for Arizona,
N/A,Sinema,1,1,1,3,0,0,15,Sinema for Arizona,
N/A,Sinema,1,1,1,3,0,0,6,Sinema for Arizona,
N/A,Sinema,1,1,1,3,1,0,15,Sinema for Arizona,
N/A,Sinema,1,1,1,3,1,0,30,Sinema for Arizona,
N/A,Sinema,1,1,1,3,1,0,15,Sinema for Arizona,
N/A,Sinema,1,1,1,3,0,0,15,Sinema for Arizona,
N/A,Sinema,1,1,1,3,0,0,30,Sinema for Arizona,
N/A,Sinema,1,1,1,3,0,0,34,Sinema for Arizona,
N/A,Sinema,1,1,1,3,1,0,30,Sinema for Arizona,
Announcement Video,McSally,0,1,1,1,0,0,83,Martha McSally for U.S. Senate,
Sinema Isn't Serious,McSally,0,1,0,1,1,1,6,Martha McSally for U.S. Senate,
Proud,McSally,0,1,0,1,0,0,15,Martha McSally for U.S. Senate,
Border,McSally,0,1,0,1,0,1,30,Martha McSally for U.S. Senate,
Resolve,McSally,0,1,0,1,0,0,30,Martha McSally for U.S. Senate,
Character and Commitment,McSally,0,1,0,1,1,0,30,Martha McSally for U.S. Senate,
Marco,McSally,0,1,0,1,0,1,30,Martha McSally for U.S. Senate,
Luke Air Force Base,McSally,0,1,0,1,1,1,30,Martha McSally for U.S. Senate,
Lynn,McSally,0,1,0,1,1,1,30,Martha McSally for U.S. Senate,
Sinema Tutu,McSally,0,1,0,1,1,1,30,Martha McSally for U.S. Senate,
Women for Martha McSally,McSally,0,1,1,1,1,0,107,Martha McSally for U.S. Senate,
Leading the Charge,McSally,0,1,0,1,0,0,30,Martha McSally for U.S. Senate,
Security,McSally,0,1,0,1,0,0,30,Martha McSally for U.S. Senate,
A Big Task,McSally,0,1,0,1,0,0,30,Martha McSally for U.S. Senate,
Guts versus Glitz,McSally,0,1,0,1,1,1,30,Martha McSally for U.S. Senate,
Deployed,McSally,0,1,0,1,0,0,60,Martha McSally for U.S. Senate,
N/A,McSally,0,1,1,3,0,0,6,Martha McSally for U.S. Senate,
N/A,McSally,0,1,1,3,0,0,14,Martha McSally for U.S. Senate,
N/A,McSally,0,1,1,3,0,1,14,Martha McSally for U.S. Senate,
N/A,McSally,0,1,1,3,1,1,12,Martha McSally for U.S. Senate,
N/A,McSally,0,1,1,3,0,0,7,Martha McSally for U.S. Senate,
N/A,McSally,0,1,1,3,1,0,15,Martha McSally for U.S. Senate,
N/A,McSally,0,1,1,3,0,1,20,Martha McSally for U.S. Senate,
N/A,McSally,0,1,1,3,1,1,6,Martha McSally for U.S. Senate,
N/A,McSally,0,1,1,3,1,1,15,Martha McSally for U.S. Senate,
N/A,McSally,0,1,1,3,1,0,12,Martha McSally for U.S. Senate,
Bryan Martyn,McSally,0,1,1,2,0,0,30,Martha McSally for U.S. Senate,
Jim Kelsey,McSally,0,1,1,2,0,0,45,Martha McSally for U.S. Senate,
Colonel Richard Toliver,McSally,0,1,1,2,1,0,36,Martha McSally for U.S. Senate,
Paula Linker,McSally,0,1,1,2,1,0,46,Martha McSally for U.S. Senate,
Rick Erickson,McSally,0,1,1,2,1,1,45,Martha McSally for U.S. Senate,
Rod Jones,McSally,0,1,1,2,0,1,45,Martha McSally for U.S. Senate,
Remember,Rosen,1,1,1,1,1,0,30,Rosen for Nevada,
President Obama,Rosen,1,1,1,1,1,0,30,Rosen for Nevada,
Dean Caved,Rosen,1,1,0,1,0,1,30,Rosen for Nevada,
Wrong Experience,Rosen,1,1,0,1,0,2,30,Rosen for Nevada,
Dean,Rosen,1,1,1,1,0,1,30,Rosen for Nevada,
Esa Mujer,Rosen,1,1,0,1,0,0,30,Rosen for Nevada,
We Need That,Rosen,1,1,0,1,0,0,30,Rosen for Nevada,
One in Four,Rosen,1,1,0,1,0,1,30,Rosen for Nevada,
Lo Que Pasa en Nevada,Rosen,1,1,0,1,1,1,30,Rosen for Nevada,
Both Parties,Rosen,1,1,0,1,0,0,30,Rosen for Nevada,
Clips,Rosen,1,1,0,1,1,1,30,Rosen for Nevada,
Let's Do That,Rosen,1,1,0,1,1,3,30,Rosen for Nevada,
Day One,Rosen,1,1,0,1,1,1,30,Rosen for Nevada,
Lo Que El Viento Se Llevo,Rosen,1,1,0,1,1,1,30,Rosen for Nevada,
Caved,Rosen,1,1,0,1,0,1,30,Rosen for Nevada,
Spineless Lie,Rosen,1,1,0,1,0,3,30,Rosen for Nevada,
Kavanaugh,Rosen,1,1,1,1,1,1,30,Rosen for Nevada,
Everybody,Rosen,1,1,0,1,0,3,30,Rosen for Nevada,
Doctor,Rosen,1,1,1,1,0,1,30,Rosen for Nevada,
Tied,Rosen,1,1,1,1,0,3,30,Rosen for Nevada,
No Wonder,Rosen,1,1,1,1,1,3,30,Rosen for Nevada,
Compas,Rosen,1,1,1,1,1,1,30,Rosen for Nevada,
Line,Rosen,1,1,1,1,1,1,30,Rosen for Nevada,
Senator Spineless,Rosen,1,1,1,1,1,1,120,Rosen for Nevada,
Tube (Digital),Rosen,1,1,1,1,1,1,60,Rosen for Nevada,
Tube,Rosen,1,1,0,1,1,1,60,Rosen for Nevada,
Momento,Rosen,1,1,0,1,0,0,30,Rosen for Nevada,
All,Rosen,1,1,0,1,0,0,30,Rosen for Nevada,
Ask,Rosen,1,1,0,1,0,0,30,Rosen for Nevada,
Dreaming is Not Sleeping,Rosen,1,1,0,1,1,0,30,Rosen for Nevada,
Every Trip,Rosen,1,1,0,1,1,0,45,Rosen for Nevada,
One Problem,Rosen,1,1,0,1,0,0,30,Rosen for Nevada,
Dollars,Rosen,1,1,0,1,0,0,36,Rosen for Nevada,
N/A,Rosen,1,1,1,3,0,0,30,Rosen for Nevada,
N/A,Rosen,1,1,1,3,0,1,15,Rosen for Nevada,
N/A,Rosen,1,1,1,3,0,1,38,Rosen for Nevada,
N/A,Rosen,1,1,1,3,0,1,15,Rosen for Nevada,
N/A,Rosen,1,1,1,3,0,0,30,Rosen for Nevada,
N/A,Rosen,1,1,1,3,0,1,30,Rosen for Nevada,
N/A,Rosen,1,1,1,3,0,0,15,Rosen for Nevada,
Pasando Leyes para Ayudar a Nuestra Comunidad,Heller,0,0,0,1,0,0,15,Heller for Senate,
Ayudando a Nuestros Empresarios Ayudamos a Nuestra Comunidad,Heller,0,0,0,1,0,0,15,Heller for Senate,
Accomplished,Heller,0,0,0,1,0,0,30,Heller for Senate,
Skipped,Heller,0,0,0,1,1,1,30,Heller for Senate,
Heroes,Heller,0,0,0,1,0,0,30,Heller for Senate,
Record,Heller,0,0,0,1,0,3,30,Heller for Senate,
Zero,Heller,0,0,0,1,1,1,30,Heller for Senate,
Jobs,Heller,0,0,0,1,0,1,30,Heller for Senate,
Action,Heller,0,0,0,1,1,0,30,Heller for Senate,
Honor,Heller,0,0,0,1,1,0,30,Heller for Senate,
JC,Heller,0,0,1,1,1,0,180,Heller for Senate,
Tommy,Heller,0,0,1,1,1,0,99,Heller for Senate,
Dean Heller is Our Voice for Tax Reform,Heller,0,0,1,1,0,0,62,Heller for Senate,
24/7 to Get the Job Done,Heller,0,0,1,1,1,0,60,Heller for Senate,
Work 24/7 to Pass Tax Reform,Heller,0,0,1,1,0,0,20,Heller for Senate,
Paul Davis Hunter,Heller,0,0,1,1,0,0,154,Heller for Senate,
"Corporal Howard Hall, Pearl Harbor",Heller,0,0,1,1,1,0,166,Heller for Senate,
Don't Let Nevada Become California,Heller,0,0,1,3,0,0,15,Heller for Senate,
Stop California's Third Senator,Heller,0,0,1,3,1,1,16,Heller for Senate,
Stop Democrat Jacky Rosen: Another Hillary Clinton,Heller,0,0,1,3,1,1,16,Heller for Senate,
N/A,Heller,0,0,1,3,1,1,16,Heller for Senate,
N/A,Heller,0,0,1,3,0,1,27,Heller for Senate,
N/A,Heller,0,0,1,3,0,0,12,Heller for Senate,
N/A,Heller,0,0,1,3,1,1,26,Heller for Senate,
Nevada Has a Message for Democrat Jacky Rosen,Heller,0,0,1,3,1,1,15,Heller for Senate,
Rosen Raises 86% of Campaign Funds from OUTSIDE Nevada,Heller,0,0,1,3,1,1,30,Heller for Senate,
N/A,Heller,0,0,1,3,1,1,10,Heller for Senate,
N/A,Heller,0,0,1,2,1,0,37,Heller for Senate,
N/A,Heller,0,0,1,2,1,1,30,Heller for Senate,
Character,Tester,1,0,0,1,1,0,30,Montanans for Tester,
Deserve,Tester,1,0,0,1,0,1,30,Montanans for Tester,
Vets Have Jon's Back,Tester,1,0,0,1,0,0,30,Montanans for Tester,
Katie Over Cancer,Tester,1,0,0,1,0,0,30,Montanans for Tester,
Eagles Crossing,Tester,1,0,0,1,1,1,30,Montanans for Tester,
Driving,Tester,1,0,0,1,1,0,30,Montanans for Tester,
Little Stuff,Tester,1,0,1,1,1,3,76,Montanans for Tester,
Value the Truth,Tester,1,0,0,1,1,3,30,Montanans for Tester,
Spent Grain,Tester,1,0,0,1,0,0,30,Montanans for Tester,
I'm a Rancher,Tester,1,0,0,1,1,1,30,Montanans for Tester,
Carla,Tester,1,0,1,1,1,0,15,Montanans for Tester,
Kevin,Tester,1,0,1,1,1,0,45,Montanans for Tester,
Stephanie,Tester,1,0,1,1,1,0,15,Montanans for Tester,
Lauren,Tester,1,0,1,1,0,0,21,Montanans for Tester,
Trump Praise,Tester,1,0,0,1,0,0,60,Montanans for Tester,
Open Contracts,Tester,1,0,0,1,0,0,30,Montanans for Tester,
The Swamp,Tester,1,0,1,1,1,1,50,Montanans for Tester,
Meet Jon,Tester,1,0,1,1,1,0,60,Montanans for Tester,
TRiO,Tester,1,0,1,1,0,0,30,Montanans for Tester,
Not For Sale,Tester,1,0,1,1,0,0,30,Montanans for Tester,
Bob,Tester,1,0,1,1,0,0,30,Montanans for Tester,
Jon's Got Our Back,Tester,1,0,1,1,0,0,30,Montanans for Tester,
Wired to Fight,Tester,1,0,1,1,0,0,30,Montanans for Tester,
Fighting For Our Veterans,Tester,1,0,1,1,0,0,30,Montanans for Tester,
13 Bills,Tester,1,0,1,1,0,0,30,Montanans for Tester,
N/A,Tester,1,0,1,3,0,1,15,Montanans for Tester,
N/A,Tester,1,0,1,3,1,1,30,Montanans for Tester,
Rosendale Pushed to Transfer Our Public Lands,Tester,1,0,1,3,1,1,15,Montanans for Tester,
N/A,Tester,1,0,1,3,0,0,25,Montanans for Tester,
N/A,Tester,1,0,1,3,0,0,30,Montanans for Tester,
N/A,Tester,1,0,1,3,1,1,53,Montanans for Tester,
N/A,Tester,1,0,1,3,0,1,23,Montanans for Tester,
N/A,Tester,1,0,1,3,0,0,30,Montanans for Tester,
N/A,Tester,1,0,1,3,1,0,15,Montanans for Tester,
N/A,Tester,1,0,1,3,1,0,15,Montanans for Tester,
N/A,Tester,1,0,1,3,0,0,30,Montanans for Tester,
N/A,Tester,1,0,1,3,0,0,15,Montanans for Tester,
N/A,Tester,1,0,1,3,0,0,15,Montanans for Tester,
N/A,Tester,1,0,1,3,1,0,30,Montanans for Tester,
N/A,Tester,1,0,1,3,0,0,15,Montanans for Tester,
N/A,Tester,1,0,1,3,0,0,15,Montanans for Tester,
N/A,Tester,1,0,1,3,1,0,30,Montanans for Tester,
N/A,Tester,1,0,1,3,0,0,15,Montanans for Tester,
Smear,Rosendale,0,1,0,1,1,1,30,Rosendale for Montana,
Glendive,Rosendale,0,1,0,1,0,0,30,Rosendale for Montana,
Lumber,Rosendale,0,1,0,1,0,1,30,Rosendale for Montana,
2nd Amendment,Rosendale,0,1,0,1,0,1,30,Rosendale for Montana,
Choice,Rosendale,0,1,0,1,0,1,30,Rosendale for Montana,
Montana Fighter,Rosendale,0,1,0,1,0,1,30,Rosendale for Montana,
Cosmopolitan Castle,Rosendale,0,1,0,1,1,1,30,Rosendale for Montana,
Stepped In It,Rosendale,0,1,0,1,0,1,30,Rosendale for Montana,
Haircut,Rosendale,0,1,0,1,0,0,30,Rosendale for Montana,
Term Limits,Rosendale,0,1,0,1,0,1,30,Rosendale for Montana,
Confront,Rosendale,0,1,0,1,1,1,30,Rosendale for Montana,
Get Tough,Rosendale,0,1,0,1,0,0,30,Rosendale for Montana,
N/A,Rosendale,0,1,1,3,0,1,15,Rosendale for Montana,
N/A,Rosendale,0,1,1,3,0,0,15,Rosendale for Montana,
N/A,Rosendale,0,1,1,3,0,1,60,Rosendale for Montana,
N/A,Rosendale,0,1,1,3,0,1,15,Rosendale for Montana,
N/A,Rosendale,0,1,1,3,0,0,15,Rosendale for Montana,
N/A,Rosendale,0,1,1,3,1,1,15,Rosendale for Montana,
N/A,Rosendale,0,1,1,3,1,1,30,Rosendale for Montana,
N/A,Rosendale,0,1,1,3,1,2,15,Rosendale for Montana,
N/A,Rosendale,0,1,1,3,1,1,15,Rosendale for Montana,
N/A,Rosendale,0,1,1,3,0,1,15,Rosendale for Montana,
N/A,Rosendale,0,1,1,2,1,0,30,Rosendale for Montana,
N/A,Rosendale,0,1,1,2,0,1,30,Rosendale for Montana,
Money Trail,Menendez,1,0,1,1,0,1,28,Menendez for Senate,
Good,Menendez,1,0,1,1,1,1,54,Menendez for Senate,
Bob Menendez Stands with Us,Menendez,1,0,1,1,0,0,22,Menendez for Senate,
Hugin and Trump,Menendez,1,0,1,1,1,1,30,Menendez for Senate,
Imagine,Menendez,1,0,0,1,0,0,30,Menendez for Senate,
Mr. Wilson,Menendez,1,0,0,1,1,1,30,Menendez for Senate,
Willing,Menendez,1,0,0,1,1,2,30,Menendez for Senate,
Stopped,Menendez,1,0,0,1,0,1,15,Menendez for Senate,
Court,Menendez,1,0,0,1,0,0,15,Menendez for Senate,
N/A,Menendez,1,0,1,1,1,1,54,Menendez for Senate,
N/A,Menendez,1,0,1,1,1,1,45,Menendez for Senate,
N/A,Menendez,1,0,1,1,1,1,35,Menendez for Senate,
Side Effects,Menendez,1,0,0,1,1,1,30,Menendez for Senate,
Lying to Doctors and Patients,Menendez,1,0,1,1,1,1,35,Menendez for Senate,
Bribing Doctors,Menendez,1,0,1,1,1,1,35,Menendez for Senate,
Medicare Fraud,Menendez,1,0,1,1,1,1,35,Menendez for Senate,
FDA,Menendez,1,0,1,1,1,1,37,Menendez for Senate,
Greed,Menendez,1,0,0,1,1,1,30,Menendez for Senate,
Never Forgot,Menendez,1,0,0,1,0,1,30,Menendez for Senate,
Extreme,Menendez,1,0,0,1,1,1,30,Menendez for Senate,
Vicious,Menendez,1,0,0,1,1,2,30,Menendez for Senate,
Planned,Menendez,1,0,1,1,0,0,15,Menendez for Senate,
N/A,Menendez,1,0,1,3,0,3,32,Menendez for Senate,
N/A,Menendez,1,0,1,3,0,1,29,Menendez for Senate,
N/A,Menendez,1,0,1,2,1,1,36,Menendez for Senate,
N/A,Menendez,1,0,1,2,0,1,54,Menendez for Senate,
N/A,Menendez,1,0,1,2,0,1,20,Menendez for Senate,
N/A,Menendez,1,0,1,2,1,0,56,Menendez for Senate,
N/A,Menendez,1,0,1,2,0,1,38,Menendez for Senate,
N/A,Menendez,1,0,1,2,1,1,20,Menendez for Senate,
N/A,Menendez,1,0,1,2,0,1,15,Menendez for Senate,
N/A,Menendez,1,0,1,2,1,1,9,Menendez for Senate,
N/A,Menendez,1,0,1,2,1,1,40,Menendez for Senate,
Independent,Hugin,0,1,0,1,0,0,30,Bob Hugin for Senate,
Her,Hugin,0,1,0,1,1,1,30,Bob Hugin for Senate,
Is Menendez the Best New Jersey Can Do?,Hugin,0,1,0,1,1,1,32,Bob Hugin for Senate,
Hypocrisy,Hugin,0,1,0,1,1,1,60,Bob Hugin for Senate,
Time For a Change,Hugin,0,1,0,1,0,0,30,Bob Hugin for Senate,
Tom Kean,Hugin,0,1,0,1,1,1,30,Bob Hugin for Senate,
How Can You Stand with Menendez?,Hugin,0,1,1,1,1,1,45,Bob Hugin for Senate,
Opportunity,Hugin,0,1,0,1,0,0,30,Bob Hugin for Senate,
Bob's Story,Hugin,0,1,0,1,0,0,30,Bob Hugin for Senate,
Sally,Hugin,0,1,0,1,0,0,30,Bob Hugin for Senate,
Prescriptions,Hugin,0,1,0,1,1,1,15,Bob Hugin for Senate,
Generics,Hugin,0,1,0,1,1,1,15,Bob Hugin for Senate,
New Jersey First,Hugin,0,1,0,1,0,0,30,Bob Hugin for Senate,
Truth,Hugin,0,1,0,1,0,2,30,Bob Hugin for Senate,
Service,Hugin,0,1,0,1,1,0,30,Bob Hugin for Senate,
Vision,Hugin,0,1,0,1,0,0,30,Bob Hugin for Senate,
Dead Last,Hugin,0,1,0,1,1,1,15,Bob Hugin for Senate,
Taxes,Hugin,0,1,0,1,0,1,15,Bob Hugin for Senate,
Stupid,Hugin,0,1,0,1,1,1,30,Bob Hugin for Senate,
Screwed,Hugin,0,1,0,1,1,1,30,Bob Hugin for Senate,
Ryan,Hugin,0,1,0,1,0,0,30,Bob Hugin for Senate,
Two Bobs,Hugin,0,1,0,1,1,1,30,Bob Hugin for Senate,
Honoring Our Nation's Heroes,Hugin,0,1,0,1,1,0,51,Bob Hugin for Senate,
A Different Kind,Hugin,0,1,0,1,0,0,30,Bob Hugin for Senate,
"21 Counties, 1 New Jersey",Hugin,0,1,1,1,1,0,116,Bob Hugin for Senate,
Guilty,Hugin,0,1,0,1,1,1,30,Bob Hugin for Senate,
Today,Hugin,0,1,0,1,1,0,30,Bob Hugin for Senate,
Disgraced,Hugin,0,1,0,1,1,1,63,Bob Hugin for Senate,
Celgene,Hugin,0,1,0,1,0,0,43,Bob Hugin for Senate,
Why He's Running,Hugin,0,1,0,1,1,0,56,Bob Hugin for Senate,
Union City,Hugin,0,1,0,1,1,0,56,Bob Hugin for Senate,
N/A,Hugin,0,1,1,3,0,0,15,Bob Hugin for Senate,
N/A,Hugin,0,1,1,3,1,1,30,Bob Hugin for Senate,
N/A,Hugin,0,1,1,3,1,1,30,Bob Hugin for Senate,
N/A,Hugin,0,1,1,2,0,0,10,Bob Hugin for Senate,
N/A,Hugin,0,1,1,2,1,0,92,Bob Hugin for Senate,
Inflatable,Braun,0,1,0,1,0,1,30,Mike Braun for Indiana,
Deserve Better,Braun,0,1,0,1,0,0,30,Mike Braun for Indiana,
Donnelly's Record Proves It,Braun,0,1,0,1,1,1,30,Mike Braun for Indiana,
Always Do,Braun,0,1,1,1,1,0,30,Mike Braun for Indiana,
Joe Donnelly Will Say Anything to Keep His Job,Braun,0,1,0,1,1,1,30,Mike Braun for Indiana,
Won't Wait,Braun,0,1,0,1,0,0,30,Mike Braun for Indiana,
Downhill,Braun,0,1,0,1,0,1,30,Mike Braun for Indiana,
Maureen,Braun,0,1,0,1,1,0,30,Mike Braun for Indiana,
"Joe Will Raise Your Taxexs, Destroy Jobs, and Open Borders",Braun,0,1,0,1,0,1,30,Mike Braun for Indiana,
Mike Braun Stands with American Workers,Braun,0,1,0,1,1,2,30,Mike Braun for Indiana,
Dollar,Braun,0,1,0,1,0,0,30,Mike Braun for Indiana,
"Braun Treats Workers Right, Donnelly Profits from Outsourcing",Braun,0,1,0,1,0,0,30,Mike Braun for Indiana,
Meyer Means Family,Braun,0,1,0,1,1,1,30,Mike Braun for Indiana,
Politics Shouldn't Be a Career,Braun,0,1,0,1,1,0,30,Mike Braun for Indiana,
Trust,Braun,0,1,0,1,1,0,30,Mike Braun for Indiana,
Made in America,Braun,0,1,0,1,0,1,30,Mike Braun for Indiana,
Bring Them Back,Braun,0,1,0,1,0,0,30,Mike Braun for Indiana,
Lives Are at Stake. We Must Protect Our Border.,Braun,0,1,0,1,0,0,30,Mike Braun for Indiana,
President Trump Was Right,Braun,0,1,0,1,1,0,30,Mike Braun for Indiana,
Get Washington Moving Again,Braun,0,1,0,1,0,0,30,Mike Braun for Indiana,
N/A,Braun,0,1,1,3,1,0,6,Mike Braun for Indiana,
N/A,Braun,0,1,1,3,0,0,6,Mike Braun for Indiana,
N/A,Braun,0,1,1,3,0,1,6,Mike Braun for Indiana,
N/A,Braun,0,1,1,3,1,0,6,Mike Braun for Indiana,
Sleepin' Joe's Waffles,Braun,0,1,1,3,0,1,30,Mike Braun for Indiana,
The Whining,Braun,0,1,1,3,1,1,13,Mike Braun for Indiana,
Record,Braun,0,1,1,3,0,1,30,Mike Braun for Indiana,
Reality,Braun,0,1,1,3,0,1,30,Mike Braun for Indiana,
Don't Get Fooled Again,Braun,0,1,1,3,1,1,16,Mike Braun for Indiana,
I Will Fix It for Hoosiers,Braun,0,1,1,3,0,0,16,Mike Braun for Indiana,
Before It Was Cool,Braun,0,1,1,3,0,0,6,Mike Braun for Indiana,
N/A,Braun,0,1,1,3,0,1,15,Mike Braun for Indiana,
N/A,Braun,0,1,1,3,0,0,6,Mike Braun for Indiana,
N/A,Braun,0,1,1,3,0,2,15,Mike Braun for Indiana,
N/A,Braun,0,1,1,2,1,0,13,Mike Braun for Indiana,
N/A,Braun,0,1,1,2,0,0,30,Mike Braun for Indiana,
Jill,Donnelly,1,0,0,1,1,2,30,Donnelly for Indiana,
Not,Donnelly,1,0,0,1,1,0,30,Donnelly for Indiana,
Edith and Tatum,Donnelly,1,0,1,1,0,0,81,Donnelly for Indiana,
5 Lies,Donnelly,1,0,1,1,1,1,131,Donnelly for Indiana,
Marching Orders,Donnelly,1,0,0,1,0,0,30,Donnelly for Indiana,
99%,Donnelly,1,0,1,1,0,0,6,Donnelly for Indiana,
Mistreated,Donnelly,1,0,0,1,1,1,30,Donnelly for Indiana,
Pick Up Truck,Donnelly,1,0,0,1,0,2,30,Donnelly for Indiana,
Tougher,Donnelly,1,0,0,1,0,0,30,Donnelly for Indiana,
Unwavering,Donnelly,1,0,0,1,0,0,30,Donnelly for Indiana,
1.1 Million,Donnelly,1,0,0,1,0,0,30,Donnelly for Indiana,
Hoosier Steelworkers for Joe,Donnelly,1,0,1,1,0,0,34,Donnelly for Indiana,
Hoosier Miners for Joe,Donnelly,1,0,1,1,0,0,45,Donnelly for Indiana,
Jacob,Donnelly,1,0,0,1,0,0,60,Donnelly for Indiana,
Doctor Andy Bridge,Donnelly,1,0,1,1,0,0,89,Donnelly for Indiana,
Working,Donnelly,1,0,0,1,0,0,30,Donnelly for Indiana,
Joe Protects Our Health Care,Donnelly,1,0,1,1,0,0,60,Donnelly for Indiana,
Fighting Chance,Donnelly,1,0,0,1,0,0,30,Donnelly for Indiana,
UMWA Endorses Joe,Donnelly,1,0,0,1,0,0,30,Donnelly for Indiana,
Bridge,Donnelly,1,0,0,1,0,0,30,Donnelly for Indiana,
Navigate,Donnelly,1,0,0,1,0,0,30,Donnelly for Indiana,
N/A,Donnelly,1,0,1,3,0,2,15,Donnelly for Indiana,
N/A,Donnelly,1,0,1,3,0,0,9,Donnelly for Indiana,
N/A,Donnelly,1,0,1,3,0,0,15,Donnelly for Indiana,
Mike Braun is Too Extreme for Hoosier Women,Donnelly,1,0,1,3,0,1,30,Donnelly for Indiana,
N/A,Donnelly,1,0,1,3,0,1,6,Donnelly for Indiana,
N/A,Donnelly,1,0,1,2,0,1,45,Donnelly for Indiana,
N/A,Donnelly,1,0,1,2,0,1,25,Donnelly for Indiana,
Given Up On You,Hawley,0,1,0,1,1,1,30,Josh Hawley for Senate,
Circus,Hawley,0,1,0,1,1,0,30,Josh Hawley for Senate,
McCaskill a Hypocrite on Insurance Industry Money,Hawley,0,1,1,1,1,1,15,Josh Hawley for Senate,
Clock,Hawley,0,1,1,1,1,1,30,Josh Hawley for Senate,
McCaskill Lies About Kavanaugh Decision,Hawley,0,1,0,1,1,1,30,Josh Hawley for Senate,
Driven,Hawley,0,1,0,1,0,0,30,Josh Hawley for Senate,
Claire McCaskill Says the Wall Can't Be Built,Hawley,0,1,0,1,0,1,30,Josh Hawley for Senate,
McCaskill's radical Left Supporters Dig In Against Kavanaugh,Hawley,0,1,0,1,0,1,30,Josh Hawley for Senate,
At the Court,Hawley,0,1,0,1,0,0,30,Josh Hawley for Senate,
"Air Claire, Ready for Takeoff",Hawley,0,1,0,1,0,1,30,Josh Hawley for Senate,
"The ""Damn Plane""",Hawley,0,1,0,1,1,1,30,Josh Hawley for Senate,
"Claire McCaskill, the Most Unpopular Senator",Hawley,0,1,1,1,1,1,15,Josh Hawley for Senate,
"Support Mike Pompeo, Senator McCaskill",Hawley,0,1,0,1,1,1,30,Josh Hawley for Senate,
Claire McCaskill: Party Before Missouri,Hawley,0,1,0,1,1,1,37,Josh Hawley for Senate,
"Claire McCaskill, Fighting All the Way to Beverly Hills",Hawley,0,1,1,1,1,1,30,Josh Hawley for Senate,
"""I Understand the Point"" Hillary Clinton Was Trying to Make",Hawley,0,1,1,1,1,1,30,Josh Hawley for Senate,
"""No Wonder You Want Something Completely Different""",Hawley,0,1,1,1,1,1,15,Josh Hawley for Senate,
Claire McCaskill for Hillary Clinton,Hawley,0,1,1,1,1,1,77,Josh Hawley for Senate,
Claire McCaskill is in Love,Hawley,0,1,1,1,1,1,34,Josh Hawley for Senate,
Groundhog Day!,Hawley,0,1,1,1,0,1,38,Josh Hawley for Senate,
Claire McCaskill and Her Friend Al Franken,Hawley,0,1,1,1,1,1,60,Josh Hawley for Senate,
N/A,Hawley,0,1,1,3,0,0,15,Josh Hawley for Senate,
N/A,Hawley,0,1,1,2,1,1,10,Josh Hawley for Senate,
N/A,Hawley,0,1,1,2,1,1,6,Josh Hawley for Senate,
N/A,Hawley,0,1,1,2,0,1,30,Josh Hawley for Senate,
Turmoil,McCaskill,1,0,1,1,1,1,54,Josh Hawley for Senate,
Why?,McCaskill,1,0,0,1,0,1,15,McCaskill for Missouri,
Imagine,McCaskill,1,0,0,1,0,1,15,McCaskill for Missouri,
Works for You,McCaskill,1,0,0,1,0,0,30,McCaskill for Missouri,
Born Here,McCaskill,1,0,0,1,0,0,60,McCaskill for Missouri,
State I Love,McCaskill,1,0,0,1,1,0,30,McCaskill for Missouri,
Lies,McCaskill,1,0,0,1,0,2,30,McCaskill for Missouri,
Dark,McCaskill,1,0,0,1,1,1,30,McCaskill for Missouri,
Let's Talk,McCaskill,1,0,0,1,1,2,30,McCaskill for Missouri,
Claire,McCaskill,1,0,1,1,0,0,82,McCaskill for Missouri,
Independence,McCaskill,1,0,0,1,0,0,30,McCaskill for Missouri,
Secure,McCaskill,1,0,0,1,0,2,30,McCaskill for Missouri,
Two Years Ago,McCaskill,1,0,0,1,1,1,30,McCaskill for Missouri,
Has to Stop,McCaskill,1,0,0,1,0,0,60,McCaskill for Missouri,
Smears,McCaskill,1,0,0,1,1,2,30,McCaskill for Missouri,
Home,McCaskill,1,0,0,1,1,0,60,McCaskill for Missouri,
Taking Them On,McCaskill,1,0,0,1,0,0,60,McCaskill for Missouri,
Listening,McCaskill,1,0,1,1,1,0,60,McCaskill for Missouri,
Justice,McCaskill,1,0,0,1,0,0,60,McCaskill for Missouri,
N/A,McCaskill,1,0,1,3,0,0,20,McCaskill for Missouri,
N/A,McCaskill,1,0,1,3,0,1,7,McCaskill for Missouri,
N/A,McCaskill,1,0,1,3,0,1,7,McCaskill for Missouri,
N/A,McCaskill,1,0,1,3,1,1,7,McCaskill for Missouri,
N/A,McCaskill,1,0,1,3,0,1,7,McCaskill for Missouri,
N/A,McCaskill,1,0,1,3,0,0,20,McCaskill for Missouri,
N/A,McCaskill,1,0,1,3,0,0,30,McCaskill for Missouri,
N/A,McCaskill,1,0,1,3,0,0,6,McCaskill for Missouri,
Deserve,Blackburn,0,1,0,1,0,0,30,Marsha for Senate,
Get the Job Done,Blackburn,0,1,0,1,0,0,30,Marsha for Senate,
We Stopped It,Blackburn,0,1,0,1,0,0,15,Marsha for Senate,
Better Shape,Blackburn,0,1,0,1,1,0,30,Marsha for Senate,
We Need Marsha!,Blackburn,0,1,0,1,1,0,30,Marsha for Senate,
Closing,Blackburn,0,1,0,1,0,0,30,Marsha for Senate,
Echo,Blackburn,0,1,0,1,1,1,30,Marsha for Senate,
A Vote for Marsha,Blackburn,0,1,0,1,1,0,14,Marsha for Senate,
Civility,Blackburn,0,1,1,1,1,1,30,Marsha for Senate,
Marsha Moment: Voting,Blackburn,0,1,1,1,1,0,28,Marsha for Senate,
Caravan,Blackburn,0,1,0,1,0,1,30,Marsha for Senate,
Let's Win This Race,Blackburn,0,1,0,1,0,0,30,Marsha for Senate,
Great,Blackburn,0,1,0,1,0,1,30,Marsha for Senate,
Luring,Blackburn,0,1,0,1,0,1,30,Marsha for Senate,
Tennessee Values: Fort Campbell,Blackburn,0,1,1,1,0,0,42,Marsha for Senate,
Tennessee Values: Repealing Obamacare,Blackburn,0,1,1,1,0,0,33,Marsha for Senate,
NRA Endorsement,Blackburn,0,1,1,1,0,0,22,Marsha for Senate,
Crisis,Blackburn,0,1,0,1,0,0,30,Marsha for Senate,
Believe,Blackburn,0,1,0,1,0,1,30,Marsha for Senate,
Tennesee Values: Breaking Barriers,Blackburn,0,1,1,1,0,0,40,Marsha for Senate,
Nature,Blackburn,0,1,0,1,1,0,30,Marsha for Senate,
Tennessee Values: Securing Our Border,Blackburn,0,1,1,1,0,0,60,Marsha for Senate,
Non-Starter,Blackburn,0,1,0,1,0,1,30,Marsha for Senate,
Tennessee Values: The Supreme Court,Blackburn,0,1,1,1,0,0,49,Marsha for Senate,
Percent,Blackburn,0,1,0,1,1,1,30,Marsha for Senate,
Tennessee Values: Tax Reform,Blackburn,0,1,1,1,0,0,50,Marsha for Senate,
Tennessee Values: Rural Broadband,Blackburn,0,1,1,1,0,0,47,Marsha for Senate,
Tennessee Values: Pro-Life,Blackburn,0,1,1,1,0,0,25,Marsha for Senate,
Veterans Stand For Marsha,Blackburn,0,1,1,1,0,0,21,Marsha for Senate,
N/A,Blackburn,0,1,1,3,0,0,37,Marsha for Senate,
Red Wall,Blackburn,0,1,1,3,0,0,24,Marsha for Senate,
N/A,Blackburn,0,1,1,3,1,0,10,Marsha for Senate,
N/A,Blackburn,0,1,1,3,0,0,11,Marsha for Senate,
Your Guy,Bredesen,1,1,0,1,0,0,60,Bredesen for Senate,
Action,Bredesen,1,1,0,1,0,0,30,Bredesen for Senate,
Rx Plan,Bredesen,1,1,0,1,0,0,30,Bredesen for Senate,
What They Wanted,Bredesen,1,1,0,1,0,1,30,Bredesen for Senate,
Liar,Bredesen,1,1,0,1,1,2,30,Bredesen for Senate,
Taylor Swift,Bredesen,1,1,1,1,1,0,48,Bredesen for Senate,
You Know Me,Bredesen,1,1,0,1,0,0,60,Bredesen for Senate,
Pure Swamp,Bredesen,1,1,0,1,1,2,30,Bredesen for Senate,
Leverage,Bredesen,1,1,0,1,0,0,30,Bredesen for Senate,
Bredesen Republicans,Bredesen,1,1,0,1,0,0,30,Bredesen for Senate,
No Matter What,Bredesen,1,1,0,1,0,0,30,Bredesen for Senate,
Marsha Blackburn on TennCare,Bredesen,1,1,1,1,0,1,113,Bredesen for Senate,
Believes,Bredesen,1,1,0,1,0,0,65,Bredesen for Senate,
Brown Bag,Bredesen,1,1,0,1,0,0,30,Bredesen for Senate,
Complicated,Bredesen,1,1,0,1,0,0,30,Bredesen for Senate,
Have You Seen,Bredesen,1,1,0,1,1,2,30,Bredesen for Senate,
The Attacks Have Started,Bredesen,1,1,0,1,1,2,30,Bredesen for Senate,
Road to November,Bredesen,1,1,0,1,1,0,45,Bredesen for Senate,
What We Want,Bredesen,1,1,0,1,1,0,30,Bredesen for Senate,
What Republicans Are Saying About Phil Bredesen,Bredesen,1,1,1,1,0,0,56,Bredesen for Senate,
Strong,Bredesen,1,1,0,1,0,0,30,Bredesen for Senate,
Tariffs,Bredesen,1,1,0,1,0,0,30,Bredesen for Senate,
Appointments,Bredesen,1,1,0,1,0,0,30,Bredesen for Senate,
Matters,Bredesen,1,1,1,1,0,0,30,Bredesen for Senate,
Ought to Do,Bredesen,1,1,0,1,0,0,30,Bredesen for Senate,
Solutions,Bredesen,1,1,0,1,0,0,30,Bredesen for Senate,
Why I'm Running,Bredesen,1,1,1,1,0,0,150,Bredesen for Senate,
N/A,Bredesen,1,1,1,3,0,0,16,Bredesen for Senate,
N/A,Bredesen,1,1,1,3,0,0,33,Bredesen for Senate,
N/A,Bredesen,1,1,1,3,0,0,32,Bredesen for Senate,
N/A,Bredesen,1,1,1,3,0,1,6,Bredesen for Senate,
N/A,Bredesen,1,1,1,2,0,0,39,Bredesen for Senate,
N/A,Bredesen,1,1,1,2,0,0,67,Bredesen for Senate,
N/A,Bredesen,1,1,1,2,0,0,42,Bredesen for Senate,
N/A,Bredesen,1,1,1,2,0,0,64,Bredesen for Senate,
Come Join Us! We Welcome You With Open Arms!,Cruz,0,0,1,1,0,0,232,Ted Cruz for Senate,
#CruzToVictory,Cruz,0,0,1,1,0,0,236,Ted Cruz for Senate,
Listens,Cruz,0,0,0,1,0,0,30,Ted Cruz for Senate,
A Clear Choice for Texas,Cruz,0,0,1,1,0,0,124,Ted Cruz for Senate,
Facts Are Stubborn Things for Congressman O'Rourke,Cruz,0,0,1,1,1,1,60,Ted Cruz for Senate,
Vota Por Ted Cruz,Cruz,0,0,1,1,0,0,30,Ted Cruz for Senate,
War on Police,Cruz,0,0,0,1,1,1,30,Ted Cruz for Senate,
Booming,Cruz,0,0,0,1,0,1,30,Ted Cruz for Senate,
Stand,Cruz,0,0,0,1,1,1,30,Ted Cruz for Senate,
Completely Ridiculous,Cruz,0,0,0,1,0,1,30,Ted Cruz for Senate,
Stand for the Anthem,Cruz,0,0,1,1,1,1,67,Ted Cruz for Senate,
Harvey,Cruz,0,0,0,1,0,0,30,Ted Cruz for Senate,
Tough as Texas,Cruz,0,0,1,1,1,0,128,Ted Cruz for Senate,
Help Spread the Fire of Liberty,Cruz,0,0,1,1,1,0,64,Ted Cruz for Senate,
N/A,Cruz,0,0,1,3,0,1,30,Ted Cruz for Senate,
N/A,Cruz,0,0,1,3,0,1,30,Ted Cruz for Senate,
N/A,Cruz,0,0,0,3,0,1,30,Ted Cruz for Senate,
N/A,Cruz,0,0,1,3,1,0,14,Ted Cruz for Senate,
N/A,Cruz,0,0,0,3,0,0,30,Ted Cruz for Senate,
N/A,Cruz,0,0,1,3,0,1,10,Ted Cruz for Senate,
N/A,Cruz,0,0,1,3,0,0,30,Ted Cruz for Senate,
N/A,Cruz,0,0,1,3,0,0,7,Ted Cruz for Senate,
N/A,Cruz,0,0,1,3,0,1,17,Ted Cruz for Senate,
Our Live Ad,O'Rourke,1,1,0,3,1,2,30,Beto for Texas,
Showing Up,O'Rourke,1,1,1,1,1,0,60,Beto for Texas,
N/A,O'Rourke,1,1,0,1,1,0,30,Beto for Texas,
N/A,O'Rourke,1,1,1,3,1,0,30,Beto for Texas,
N/A,O'Rourke,1,1,1,3,1,0,30,Beto for Texas,
N/A,O'Rourke,1,1,1,3,1,0,30,Beto for Texas,
N/A,O'Rourke,1,1,1,3,1,0,30,Beto for Texas,
N/A,O'Rourke,1,1,1,3,0,1,30,Beto for Texas,
N/A,O'Rourke,1,1,1,3,0,0,30,Beto for Texas,
N/A,O'Rourke,1,1,1,3,1,0,25,Beto for Texas,
Endorsed,O'Rourke,1,1,1,3,1,0,30,Beto for Texas,
N/A,O'Rourke,1,1,1,3,0,0,30,Beto for Texas,
N/A,O'Rourke,1,1,1,3,1,0,11,Beto for Texas,
N/A,O'Rourke,1,1,1,3,1,0,11,Beto for Texas,
N/A,O'Rourke,1,1,1,3,1,0,11,Beto for Texas,
N/A,O'Rourke,1,1,1,3,1,0,11,Beto for Texas,
N/A,O'Rourke,1,1,1,3,1,0,11,Beto for Texas,
Last Chance to Donate to Beto,O'Rourke,1,1,1,3,1,0,41,Beto for Texas,
N/A,O'Rourke,1,1,1,3,1,0,30,Beto for Texas,
N/A,O'Rourke,1,1,1,3,1,0,84,Beto for Texas,
N/A,O'Rourke,1,1,1,3,1,0,30,Beto for Texas,
N/A,O'Rourke,1,1,1,3,1,0,30,Beto for Texas,
N/A,O'Rourke,1,1,1,3,1,0,30,Beto for Texas,
N/A,O'Rourke,1,1,1,3,0,0,30,Beto for Texas,
N/A,O'Rourke,1,1,1,3,0,1,30,Beto for Texas,
N/A,O'Rourke,1,1,1,3,0,1,30,Beto for Texas,
N/A,O'Rourke,1,1,1,3,1,1,30,Beto for Texas,
N/A,O'Rourke,1,1,1,3,0,1,30,Beto for Texas,
N/A,O'Rourke,1,1,1,3,0,1,30,Beto for Texas,
N/A,O'Rourke,1,1,1,3,0,0,60,Beto for Texas,
N/A,O'Rourke,1,1,1,3,0,0,30,Beto for Texas,
N/A,O'Rourke,1,1,1,3,1,0,30,Beto for Texas,
Corruption: Washington Style,Scott,0,1,0,1,1,1,30,Rick Scott for Florida,
Coming Together,Scott,0,1,0,1,1,0,30,Rick Scott for Florida,
Familia,Scott,0,1,0,1,1,0,30,Rick Scott for Florida,
Attention Florida,Scott,0,1,0,1,1,2,30,Rick Scott for Florida,
It's Personal,Scott,0,1,0,1,0,0,30,Rick Scott for Florida,
Our Story,Scott,0,1,0,1,1,0,60,Rick Scott for Florida,
46 Years,Scott,0,1,0,1,1,1,30,Rick Scott for Florida,
Meadow,Scott,0,1,0,1,1,0,60,Rick Scott for Florida,
Leading,Scott,0,1,0,1,0,1,30,Rick Scott for Florida,
Good For Florida,Scott,0,1,0,1,0,1,30,Rick Scott for Florida,
Fight For You,Scott,0,1,0,1,0,2,30,Rick Scott for Florida,
Asleep at the Wheel,Scott,0,1,1,1,1,1,82,Rick Scott for Florida,
Responsibility,Scott,0,1,0,1,1,1,30,Rick Scott for Florida,
Leadership,Scott,0,1,0,1,0,0,30,Rick Scott for Florida,
Future,Scott,0,1,0,1,1,2,30,Rick Scott for Florida,
Give 'Em Hell,Scott,0,1,0,1,0,1,30,Rick Scott for Florida,
Nothing,Scott,0,1,0,1,0,1,30,Rick Scott for Florida,
Compromiso,Scott,0,1,0,1,1,0,30,Rick Scott for Florida,
Empty Chair,Scott,0,1,0,1,1,1,30,Rick Scott for Florida,
No Show,Scott,0,1,0,1,1,1,30,Rick Scott for Florida,
Esperanza,Scott,0,1,0,1,0,0,30,Rick Scott for Florida,
Unfair,Scott,0,1,0,1,0,1,30,Rick Scott for Florida,
Fair Hearing,Scott,0,1,0,1,1,1,30,Rick Scott for Florida,
Confused,Scott,0,1,1,1,1,1,141,Rick Scott for Florida,
Fair Opportunity,Scott,0,1,0,1,1,0,30,Rick Scott for Florida,
Bill Nelson Walks Out On Florida Algae Crisis,Scott,0,1,1,1,0,1,62,Rick Scott for Florida,
Work For Us,Scott,0,1,0,1,1,0,30,Rick Scott for Florida,
Stealing From Medicare,Scott,0,1,0,1,1,1,30,Rick Scott for Florida,
Gracias,Scott,0,1,0,1,0,0,30,Rick Scott for Florida,
"More Waiting, More Talk, More Algae",Scott,0,1,0,1,0,1,30,Rick Scott for Florida,
Think Again,Scott,0,1,0,1,1,1,37,Rick Scott for Florida,
Bill Nelson is Confused Again,Scott,0,1,1,1,0,1,60,Rick Scott for Florida,
Rubber Stamp,Scott,0,1,1,1,1,1,34,Rick Scott for Florida,
Debate Doger,Scott,0,1,1,1,1,1,24,Rick Scott for Florida,
Toe the Line,Scott,0,1,0,1,1,1,30,Rick Scott for Florida,
New Ideas,Scott,0,1,0,1,1,1,30,Rick Scott for Florida,
Bill Nelson = Federal Government,Scott,0,1,1,1,0,1,60,Rick Scott for Florida,
Pinto,Scott,0,1,0,1,1,1,30,Rick Scott for Florida,
Venimos,Scott,0,1,0,1,1,0,30,Rick Scott for Florida,
Negative Nelson,Scott,0,1,0,1,1,1,30,Rick Scott for Florida,
Cambiar,Scott,0,1,0,1,0,0,30,Rick Scott for Florida,
Partisan Voter,Scott,0,1,1,1,1,1,16,Rick Scott for Florida,
Presente,Scott,0,1,0,1,0,0,30,Rick Scott for Florida,
Party Line,Scott,0,1,0,1,1,1,30,Rick Scott for Florida,
Sonar,Scott,0,1,1,3,1,0,15,Rick Scott for Florida,
Rick Scott Por La Florida,Scott,0,1,1,3,0,1,15,Rick Scott for Florida,
N/A,Scott,0,1,1,3,0,0,30,Rick Scott for Florida,
Swamp,Nelson,1,0,0,1,1,1,30,Bill Nelson for U.S. Senate,
Closer,Nelson,1,0,0,1,1,0,30,Bill Nelson for U.S. Senate,
Salty,Nelson,1,0,1,1,0,1,30,Bill Nelson for U.S. Senate,
Strapped,Nelson,1,0,0,1,1,0,30,Bill Nelson for U.S. Senate,
Speak,Nelson,1,0,0,1,0,1,30,Bill Nelson for U.S. Senate,
Know,Nelson,1,0,0,1,1,1,30,Bill Nelson for U.S. Senate,
Amigos,Nelson,1,0,0,1,1,1,30,Bill Nelson for U.S. Senate,
Math,Nelson,1,0,1,1,0,1,30,Bill Nelson for U.S. Senate,
Oath,Nelson,1,0,0,1,1,0,30,Bill Nelson for U.S. Senate,
Juramento,Nelson,1,0,0,1,1,0,30,Bill Nelson for U.S. Senate,
Stars,Nelson,1,0,1,1,1,0,47,Bill Nelson for U.S. Senate,
Endorsed,Nelson,1,0,0,1,0,0,30,Bill Nelson for U.S. Senate,
Got Rich,Nelson,1,0,0,1,1,1,30,Bill Nelson for U.S. Senate,
Gouge,Nelson,1,0,0,1,1,0,30,Bill Nelson for U.S. Senate,
Algae,Nelson,1,0,1,1,0,1,30,Bill Nelson for U.S. Senate,
Oil Slick,Nelson,1,0,1,1,0,1,60,Bill Nelson for U.S. Senate,
Endorsement,Nelson,1,0,1,3,1,0,15,Bill Nelson for U.S. Senate,
Reject Rick Scott and the Republicans,Nelson,1,0,1,3,0,1,15,Bill Nelson for U.S. Senate,
N/A,Nelson,1,0,1,3,1,0,15,Bill Nelson for U.S. Senate,
Burgum/Hoeven Endorsement,Cramer,0,1,0,0,0,0,30,Cramer for Senate,
Respecting Life,Cramer,0,1,0,0,0,1,30,Cramer for Senate,
Cramer-Trump Ad,Cramer,0,1,0,1,0,1,60,Cramer for Senate,
Tax Cuts,Cramer,0,1,0,0,0,0,30,Cramer for Senate,
Heidi Loves Hillary,Cramer,0,1,0,0,1,1,30,Cramer for Senate,
Farms,Cramer,0,1,1,0,0,0,30,Cramer for Senate,
Rachel and Annie,Cramer,0,1,0,0,1,0,30,Cramer for Senate,
Rocket Ship Economy,Cramer,0,1,0,0,0,0,30,Cramer for Senate,
Faith,Cramer,0,1,0,1,1,0,30,Cramer for Senate,
Coffee,Cramer,0,1,0,1,1,0,30,Cramer for Senate,
Parade Ad,Cramer,0,1,0,1,1,1,30,Cramer for Senate,
Jobs Ad,Cramer,0,1,0,1,0,0,30,Cramer for Senate,
All the Above Energy,Cramer,0,1,0,1,0,0,30,Cramer for Senate,
Heidi's Latest Misleading Ad,Cramer,0,1,0,1,1,2,30,Cramer for Senate,
Kevin's Real PSC Record,Cramer,0,1,0,1,0,2,30,Cramer for Senate,
Sanctuary Cities,Cramer,0,1,0,1,0,1,30,Cramer for Senate,
Heidi's Moo Steak,Cramer,0,1,0,1,0,1,30,Cramer for Senate,
Veterans Roundtable,Cramer,0,1,0,1,0,0,30,Cramer for Senate,
Fact Check Bull Ad,Cramer,0,1,0,1,0,2,30,Cramer for Senate,
Kevin and Mom,Cramer,0,1,0,1,0,0,30,Cramer for Senate,
N/A,Cramer,0,1,1,3,1,1,40,Cramer for Senate,
N/A,Cramer,0,1,1,3,0,0,15,Cramer for Senate,
N/A,Cramer,0,1,1,3,0,1,30,Cramer for Senate,
N/A,Cramer,0,1,1,3,0,1,28,Cramer for Senate,
N/A,Cramer,0,1,1,3,0,1,35,Cramer for Senate,
N/A,Cramer,0,1,1,3,0,1,20,Cramer for Senate,
N/A,Cramer,0,1,1,3,0,1,12,Cramer for Senate,
N/A,Cramer,0,1,1,3,1,2,30,Cramer for Senate,
N/A,Cramer,0,1,1,3,1,0,9,Cramer for Senate,
N/A,Cramer,0,1,1,3,1,0,8,Cramer for Senate,
N/A,Cramer,0,1,1,3,1,0,9,Cramer for Senate,
N/A,Cramer,0,1,1,3,0,0,30,Cramer for Senate,
N/A,Cramer,0,1,1,3,1,0,48,Cramer for Senate,
N/A,Cramer,0,1,1,3,0,0,28,Cramer for Senate,
Kegger,Heitkamp,1,0,0,1,0,0,32,Heidi for Senate,
Own Words,Heitkamp,1,0,0,1,1,1,62,Heidi for Senate,
Melanie,Heitkamp,1,0,0,1,1,0,32,Heidi for Senate,
Every Day,Heitkamp,1,0,0,1,0,0,32,Heidi for Senate,
For Our Country,Heitkamp,1,0,0,1,0,2,32,Heidi for Senate,
Arm Wrestling,Heitkamp,1,0,0,1,0,2,32,Heidi for Senate,
Give Yourself,Heitkamp,1,0,0,1,1,1,32,Heidi for Senate,
Inspiration,Heitkamp,1,0,0,1,0,0,32,Heidi for Senate,
Blame,Heitkamp,1,0,0,1,0,1,32,Heidi for Senate,
Truck Driver,Heitkamp,1,0,0,1,0,0,32,Heidi for Senate,
Mantador,Heitkamp,1,0,0,1,0,0,32,Heidi for Senate,
Denise,Heitkamp,1,0,0,1,0,1,32,Heidi for Senate,
Voice,Heitkamp,1,0,0,1,1,0,32,Heidi for Senate,
Casselton,Heitkamp,1,0,0,1,0,0,32,Heidi for Senate,
Tough,Heitkamp,1,0,0,1,0,2,32,Heidi for Senate,
Safer,Heitkamp,1,0,1,1,0,0,21,Heidi for Senate,
Top 10,Heitkamp,1,0,0,1,0,0,32,Heidi for Senate,
Answer,Heitkamp,1,0,0,1,0,2,32,Heidi for Senate,
Battery Acid,Heitkamp,1,0,0,1,1,0,32,Heidi for Senate,
Work With Anyone,Heitkamp,1,0,1,1,0,0,62,Heidi for Senate,
Laundry,Heitkamp,1,0,1,1,1,0,61,Heidi for Senate,
N/A,Heitkamp,1,0,1,3,1,0,30,Heidi for Senate,
N/A,Heitkamp,1,0,1,3,0,2,30,Heidi for Senate,
N/A,Heitkamp,1,0,1,3,0,2,62,Heidi for Senate,
N/A,Heitkamp,1,0,1,3,0,0,15,Heidi for Senate,
N/A,Heitkamp,1,0,1,3,1,1,5,Heidi for Senate,
N/A,Heitkamp,1,0,1,3,1,0,5,Heidi for Senate,
N/A,Heitkamp,1,0,1,3,1,0,16,Heidi for Senate,
N/A,Heitkamp,1,0,1,3,0,1,20,Heidi for Senate,
N/A,Heitkamp,1,0,1,3,0,1,6,Heidi for Senate,
N/A,Heitkamp,1,0,1,3,0,1,20,Heidi for Senate,
N/A,Heitkamp,1,0,1,3,0,0,15,Heidi for Senate,
N/A,Heitkamp,1,0,1,3,1,1,12,Heidi for Senate,
N/A,Heitkamp,1,0,1,3,0,1,30,Heidi for Senate,
N/A,Heitkamp,1,0,1,3,0,1,15,Heidi for Senate,
N/A,Heitkamp,1,0,1,3,0,1,30,Heidi for Senate,
N/A,Heitkamp,1,0,1,3,0,0,15,Heidi for Senate,
N/A,Heitkamp,1,0,1,3,0,0,15,Heidi for Senate,
N/A,Heitkamp,1,0,1,3,0,1,30,Heidi for Senate,
N/A,Heitkamp,1,0,1,3,0,0,15,Heidi for Senate,
N/A,Heitkamp,1,0,1,2,0,1,22,Heidi for Senate,
